what,kind,bundleId,bundleVersion,description,time
started,bundle,org.eclipse.ltk.core.refactoring,3.5.201.r372_v20111101-0700,"org.eclipse.ltk.core.refactoring",1375750925822
started,bundle,org.eclipse.ltk.ui.refactoring,3.6.0.v20110928-1453,"org.eclipse.ltk.ui.refactoring",1375750925831
started,bundle,org.eclipse.pde.launching,3.6.0.v20110506,"org.eclipse.pde.launching",1375750925838
started,bundle,org.eclipse.pde.ui,3.6.100.v20120103_r372,"org.eclipse.pde.ui",1375750925850
started,bundle,org.eclipse.search,3.7.0.v20110928-1504,"org.eclipse.search",1375750925864
started,bundle,org.eclipse.team.core,3.6.0.I20110525-0800,"org.eclipse.team.core",1375750925875
started,bundle,org.eclipse.team.cvs.core,3.3.400.I20110510-0800,"org.eclipse.team.cvs.core",1375750925883
started,bundle,org.eclipse.team.cvs.ui,3.3.401.v20120126-1227,"org.eclipse.team.cvs.ui",1375750925900
started,bundle,org.eclipse.team.ui,3.6.101.R37x_v20111109-0800,"org.eclipse.team.ui",1375750925907
started,bundle,org.eclipse.ui,3.7.0.v20110928-1505,"org.eclipse.ui",1375750925922
started,bundle,org.eclipse.ui.console,3.5.100.v20111007_r372,"org.eclipse.ui.console",1375750925928
started,bundle,org.eclipse.ui.editors,3.7.0.v20110928-1504,"org.eclipse.ui.editors",1375750925928
started,bundle,org.eclipse.ui.forms,3.5.101.v20111011-1919,"org.eclipse.ui.forms",1375750925936
started,bundle,org.eclipse.ui.ide,3.7.0.v20110928-1505,"org.eclipse.ui.ide",1375750925944
started,bundle,org.eclipse.ui.net,1.2.100.v20111208-1155,"org.eclipse.ui.net",1375750925956
started,bundle,org.eclipse.ui.views,3.6.0.v20110928-1505,"org.eclipse.ui.views",1375750925972
started,bundle,org.eclipse.ui.views.log,1.0.200.v20110404,"org.eclipse.ui.views.log",1375750926026
started,bundle,org.eclipse.ui.workbench,3.7.1.v20120104-1859,"org.eclipse.ui.workbench",1375750926042
started,bundle,org.eclipse.ui.workbench.texteditor,3.7.0.v20110928-1504,"org.eclipse.ui.workbench.texteditor",1375750926057
started,bundle,org.eclipse.wst.common.project.facet.core,1.4.201.v201201101553,"org.eclipse.wst.common.project.facet.core",1375750926072
started,bundle,org.eclipse.wst.web,1.1.501.v201201190400,"org.eclipse.wst.web",1375750926084
started,bundle,org.eclipse.mylyn.bugzilla.core,3.8.4.v20130429-0100,"org.eclipse.mylyn.bugzilla.core",1375750926099
started,bundle,org.eclipse.mylyn.bugzilla.ui,3.8.4.v20130429-0100,"org.eclipse.mylyn.bugzilla.ui",1375750926104
started,bundle,org.eclipse.mylyn.commons.core,3.8.4.v20130429-0100,"org.eclipse.mylyn.commons.core",1375750926116
started,bundle,org.eclipse.mylyn.commons.net,3.8.4.v20130429-0100,"org.eclipse.mylyn.commons.net",1375750926116
started,bundle,org.eclipse.mylyn.commons.notifications.core,1.0.4.v20130429-0100,"org.eclipse.mylyn.commons.notifications.core",1375750926133
started,bundle,org.eclipse.mylyn.commons.notifications.feed,1.0.4.v20130429-0100,"org.eclipse.mylyn.commons.notifications.feed",1375750926168
started,bundle,org.eclipse.mylyn.commons.notifications.ui,1.0.4.v20130429-0100,"org.eclipse.mylyn.commons.notifications.ui",1375750926170
started,bundle,org.eclipse.mylyn.commons.ui,3.8.4.v20130429-0100,"org.eclipse.mylyn.commons.ui",1375750926176
started,bundle,org.eclipse.mylyn.commons.workbench,3.8.4.v20130429-0100,"org.eclipse.mylyn.commons.workbench",1375750926189
started,bundle,org.eclipse.mylyn.context.core,3.8.4.v20130429-0100,"org.eclipse.mylyn.context.core",1375750926197
started,bundle,org.eclipse.mylyn.context.tasks.ui,3.8.4.v20130429-0100,"org.eclipse.mylyn.context.tasks.ui",1375750926208
started,bundle,org.eclipse.mylyn.monitor.ui,3.8.4.v20130429-0100,"org.eclipse.mylyn.monitor.ui",1375750926216
started,bundle,org.eclipse.mylyn.tasks.index.core,3.8.4.v20130429-0100,"org.eclipse.mylyn.tasks.index.core",1375750926241
started,bundle,org.eclipse.mylyn.tasks.ui,3.8.4.v20130429-0100,"org.eclipse.mylyn.tasks.ui",1375750926291
os,sysinfo,,,"macosx",1375750926319
arch,sysinfo,,,"x86_64",1375750926319
ws,sysinfo,,,"cocoa",1375750926319
locale,sysinfo,,,"en_US",1375750926319
processors,sysinfo,,,"2",1375750926319
java.runtime.name,sysinfo,,,"Java(TM) SE Runtime Environment",1375750926319
java.runtime.version,sysinfo,,,"1.6.0_51-b11-457-11M4509",1375750926319
java.specification.name,sysinfo,,,"Java Platform API Specification",1375750926319
java.specification.vendor,sysinfo,,,"Sun Microsystems Inc.",1375750926319
java.specification.version,sysinfo,,,"1.6",1375750926319
java.vendor,sysinfo,,,"Apple Inc.",1375750926319
java.version,sysinfo,,,"1.6.0_51",1375750926319
java.vm.info,sysinfo,,,"mixed mode",1375750926319
java.vm.name,sysinfo,,,"Java HotSpot(TM) 64-Bit Server VM",1375750926319
java.vm.specification.name,sysinfo,,,"Java Virtual Machine Specification",1375750926319
java.vm.specification.vendor,sysinfo,,,"Sun Microsystems Inc.",1375750926319
java.vm.specification.version,sysinfo,,,"1.0",1375750926319
java.vm.vendor,sysinfo,,,"Apple Inc.",1375750926319
java.vm.version,sysinfo,,,"20.51-b01-457",1375750926319
started,bundle,org.eclipse.update.scheduler,3.2.300.v20100512,"org.eclipse.update.scheduler",1375750926600
started,bundle,org.eclipse.update.configurator,3.3.100.v20100512,"org.eclipse.update.configurator",1375750926999
started,bundle,org.eclipse.update.core,3.2.500.v20110330,"org.eclipse.update.core",1375750927026
started,bundle,com.android.ide.eclipse.base,21.0.0.v201210310015-519525,"com.android.ide.eclipse.base",1375750927190
started,bundle,org.python.pydev.shared_ui,2.7.5.2013052819,"org.python.pydev.shared_ui",1375750927852
started,bundle,org.python.pydev.shared_core,2.7.5.2013052819,"org.python.pydev.shared_core",1375750927984
started,bundle,org.python.pydev.debug,2.7.5.2013052819,"org.python.pydev.debug",1375750928150
started,bundle,org.python.pydev.core,2.7.5.2013052819,"org.python.pydev.core",1375750928978
started,bundle,com.python.pydev.analysis,2.7.5.2013052819,"com.python.pydev.analysis",1375750929919
started,bundle,org.python.pydev,2.7.5.2013052819,"org.python.pydev",1375750930068
started,bundle,com.android.ide.eclipse.adt,21.0.0.v201210310015-519525,"com.android.ide.eclipse.adt",1375750930276
started,bundle,org.python.pydev.shared_interactive_console,2.7.5.2013052819,"org.python.pydev.shared_interactive_console",1375750930629
started,bundle,org.eclipse.mylyn.team.ui,3.8.4.v20130429-0100,"org.eclipse.mylyn.team.ui",1375750930817
started,bundle,org.eclipse.debug.ui,3.7.102.v20111129-1423_r372,"org.eclipse.debug.ui",1375750931176
started,bundle,org.eclipse.jdt.debug,3.7.1.v20111006_r372,"org.eclipse.jdt.debug",1375750932595
started,bundle,org.eclipse.jdt.debug.ui,3.6.1.v20111006_r372,"org.eclipse.jdt.debug.ui",1375750932887
deactivated,workbench,org.eclipse.ui.workbench,3.7.1.v20120104-1859,"",1375750933272
activated,workbench,org.eclipse.ui.workbench,3.7.1.v20120104-1859,"",1375750935735
started,bundle,org.eclipse.wst.server.core,1.1.304.v20120208_1420,"org.eclipse.wst.server.core",1375750937230
started,bundle,org.eclipse.wst.server.ui,1.3.0.v20120210_1439,"org.eclipse.wst.server.ui",1375750937323
deactivated,workbench,org.eclipse.ui.workbench,3.7.1.v20120104-1859,"",1375750937889
activated,perspective,org.eclipse.jdt.ui,,"org.eclipse.jdt.ui.JavaPerspective",1376932528393
started,bundle,org.eclipse.osgi,3.7.2.v20120110-1415,"org.eclipse.osgi",1376932528394
started,bundle,org.eclipse.equinox.simpleconfigurator,1.0.200.v20110815-1438,"org.eclipse.equinox.simpleconfigurator",1376932528395
started,bundle,com.ibm.icu,4.4.2.v20110823,"com.ibm.icu",1376932528411
started,bundle,org.eclipse.compare.core,3.5.200.I20110208-0800,"org.eclipse.compare.core",1376932528439
started,bundle,org.eclipse.core.contenttype,3.4.100.v20110423-0524,"org.eclipse.core.contenttype",1376932528440
started,bundle,org.eclipse.core.databinding.observable,1.4.0.I20110222-0800,"org.eclipse.core.databinding.observable",1376932528512
started,bundle,org.eclipse.core.expressions,3.4.300.v20110228,"org.eclipse.core.expressions",1376932528516
started,bundle,org.eclipse.core.filebuffers,3.5.200.v20110928-1504,"org.eclipse.core.filebuffers",1376932528518
started,bundle,org.eclipse.core.filesystem,1.3.100.v20110423-0524,"org.eclipse.core.filesystem",1376932528529
started,bundle,org.eclipse.core.jobs,3.5.101.v20120113-1953,"org.eclipse.core.jobs",1376932528529
started,bundle,org.eclipse.core.net,1.2.100.I20110511-0800,"org.eclipse.core.net",1376932528530
started,bundle,org.eclipse.core.resources,3.7.101.v20120125-1505,"org.eclipse.core.resources",1376932528593
started,bundle,org.eclipse.core.runtime,3.7.0.v20110110,"org.eclipse.core.runtime",1376932528594
started,bundle,org.eclipse.core.runtime.compatibility,3.2.100.v20100505,"org.eclipse.core.runtime.compatibility",1376932528622
started,bundle,org.eclipse.core.runtime.compatibility.auth,3.2.200.v20110110,"org.eclipse.core.runtime.compatibility.auth",1376932528624
started,bundle,org.eclipse.core.variables,3.2.500.v20110928-1503,"org.eclipse.core.variables",1376932528638
started,bundle,org.eclipse.debug.core,3.7.1.v20111129-2031,"org.eclipse.debug.core",1376932528657
started,bundle,org.eclipse.epp.mpc.ui,1.1.1.I20110907-0947,"org.eclipse.epp.mpc.ui",1376932528688
started,bundle,org.eclipse.epp.usagedata.gathering,1.3.1.R201106061540,"org.eclipse.epp.usagedata.gathering",1376932528723
started,bundle,org.eclipse.epp.usagedata.recording,1.3.1.R201106061540,"org.eclipse.epp.usagedata.recording",1376932528764
started,bundle,org.eclipse.equinox.app,1.3.100.v20110321,"org.eclipse.equinox.app",1376932528764
started,bundle,org.eclipse.equinox.common,3.6.0.v20110523,"org.eclipse.equinox.common",1376932528765
started,bundle,org.eclipse.equinox.ds,1.3.1.R37x_v20110701,"org.eclipse.equinox.ds",1376932528765
started,bundle,org.eclipse.equinox.event,1.2.100.v20110502,"org.eclipse.equinox.event",1376932528766
started,bundle,org.eclipse.equinox.p2.core,2.1.1.v20120113-1346,"org.eclipse.equinox.p2.core",1376932528766
started,bundle,org.eclipse.equinox.p2.directorywatcher,1.0.300.v20110815-1419,"org.eclipse.equinox.p2.directorywatcher",1376932528767
started,bundle,org.eclipse.equinox.p2.engine,2.1.1.R37x_v20111003,"org.eclipse.equinox.p2.engine",1376932528813
started,bundle,org.eclipse.equinox.p2.metadata,2.1.0.v20110815-1419,"org.eclipse.equinox.p2.metadata",1376932528869
started,bundle,org.eclipse.equinox.p2.metadata.repository,1.2.0.v20110815-1419,"org.eclipse.equinox.p2.metadata.repository",1376932528880
started,bundle,org.eclipse.equinox.p2.operations,2.1.1.R37x_v20111111,"org.eclipse.equinox.p2.operations",1376932528922
started,bundle,org.eclipse.equinox.p2.reconciler.dropins,1.1.100.v20110815-1419,"org.eclipse.equinox.p2.reconciler.dropins",1376932528933
started,bundle,org.eclipse.equinox.p2.repository,2.1.1.v20120113-1346,"org.eclipse.equinox.p2.repository",1376932528935
started,bundle,org.eclipse.equinox.preferences,3.4.2.v20120111-2020,"org.eclipse.equinox.preferences",1376932528935
started,bundle,org.eclipse.equinox.registry,3.5.101.R37x_v20110810-1611,"org.eclipse.equinox.registry",1376932528951
started,bundle,org.eclipse.equinox.security,1.1.1.R37x_v20110822-1018,"org.eclipse.equinox.security",1376932529034
started,bundle,org.eclipse.equinox.util,1.0.300.v20110502,"org.eclipse.equinox.util",1376932529035
started,bundle,org.eclipse.help,3.5.100.v20110426,"org.eclipse.help",1376932529065
started,bundle,org.eclipse.jdt.apt.core,3.3.500.v20110420-1015,"org.eclipse.jdt.apt.core",1376932529074
started,bundle,org.eclipse.jdt.apt.pluggable.core,1.0.400.v20110305-1450,"org.eclipse.jdt.apt.pluggable.core",1376932529096
started,bundle,org.eclipse.jdt.core,3.7.3.v20120119-1537,"org.eclipse.jdt.core",1376932529123
started,bundle,org.eclipse.jdt.core.manipulation,1.4.0.v20110928-1453,"org.eclipse.jdt.core.manipulation",1376932529124
started,bundle,org.eclipse.jdt.launching,3.6.1.v20111006_r372,"org.eclipse.jdt.launching",1376932529164
started,bundle,org.eclipse.jdt.launching.macosx,3.2.100.v20111006_r372,"org.eclipse.jdt.launching.macosx",1376932529165
started,bundle,org.eclipse.jdt.ui,3.7.2.v20120109-1427,"org.eclipse.jdt.ui",1376932529165
started,bundle,org.eclipse.jface,3.7.0.v20110928-1505,"org.eclipse.jface",1376932529171
started,bundle,org.eclipse.ltk.core.refactoring,3.5.201.r372_v20111101-0700,"org.eclipse.ltk.core.refactoring",1376932529192
started,bundle,org.eclipse.ltk.ui.refactoring,3.6.0.v20110928-1453,"org.eclipse.ltk.ui.refactoring",1376932529222
started,bundle,org.eclipse.pde.launching,3.6.0.v20110506,"org.eclipse.pde.launching",1376932529223
started,bundle,org.eclipse.pde.ui,3.6.100.v20120103_r372,"org.eclipse.pde.ui",1376932529305
started,bundle,org.eclipse.search,3.7.0.v20110928-1504,"org.eclipse.search",1376932529393
started,bundle,org.eclipse.team.core,3.6.0.I20110525-0800,"org.eclipse.team.core",1376932529452
started,bundle,org.eclipse.ui,3.7.0.v20110928-1505,"org.eclipse.ui",1376932529481
started,bundle,org.eclipse.ui.console,3.5.100.v20111007_r372,"org.eclipse.ui.console",1376932529575
started,bundle,org.eclipse.ui.editors,3.7.0.v20110928-1504,"org.eclipse.ui.editors",1376932529575
started,bundle,org.eclipse.ui.forms,3.5.101.v20111011-1919,"org.eclipse.ui.forms",1376932529628
started,bundle,org.eclipse.ui.ide,3.7.0.v20110928-1505,"org.eclipse.ui.ide",1376932529680
started,bundle,org.eclipse.ui.net,1.2.100.v20111208-1155,"org.eclipse.ui.net",1376932529681
started,bundle,org.eclipse.ui.views,3.6.0.v20110928-1505,"org.eclipse.ui.views",1376932529681
started,bundle,org.eclipse.ui.views.log,1.0.200.v20110404,"org.eclipse.ui.views.log",1376932529736
started,bundle,org.eclipse.ui.workbench,3.7.1.v20120104-1859,"org.eclipse.ui.workbench",1376932529745
started,bundle,org.eclipse.ui.workbench.texteditor,3.7.0.v20110928-1504,"org.eclipse.ui.workbench.texteditor",1376932529811
started,bundle,org.eclipse.wst.common.project.facet.core,1.4.201.v201201101553,"org.eclipse.wst.common.project.facet.core",1376932529839
started,bundle,org.eclipse.mylyn.bugzilla.core,3.8.4.v20130429-0100,"org.eclipse.mylyn.bugzilla.core",1376932529839
started,bundle,org.eclipse.mylyn.bugzilla.ui,3.8.4.v20130429-0100,"org.eclipse.mylyn.bugzilla.ui",1376932529915
started,bundle,org.eclipse.mylyn.commons.core,3.8.4.v20130429-0100,"org.eclipse.mylyn.commons.core",1376932530020
started,bundle,org.eclipse.mylyn.commons.net,3.8.4.v20130429-0100,"org.eclipse.mylyn.commons.net",1376932530020
started,bundle,org.eclipse.mylyn.commons.notifications.core,1.0.4.v20130429-0100,"org.eclipse.mylyn.commons.notifications.core",1376932530021
started,bundle,org.eclipse.mylyn.commons.notifications.feed,1.0.4.v20130429-0100,"org.eclipse.mylyn.commons.notifications.feed",1376932530022
started,bundle,org.eclipse.mylyn.commons.notifications.ui,1.0.4.v20130429-0100,"org.eclipse.mylyn.commons.notifications.ui",1376932530023
started,bundle,org.eclipse.mylyn.commons.ui,3.8.4.v20130429-0100,"org.eclipse.mylyn.commons.ui",1376932530069
started,bundle,org.eclipse.mylyn.commons.workbench,3.8.4.v20130429-0100,"org.eclipse.mylyn.commons.workbench",1376932530115
started,bundle,org.eclipse.mylyn.context.core,3.8.4.v20130429-0100,"org.eclipse.mylyn.context.core",1376932530116
started,bundle,org.eclipse.mylyn.context.tasks.ui,3.8.4.v20130429-0100,"org.eclipse.mylyn.context.tasks.ui",1376932530117
started,bundle,org.eclipse.mylyn.monitor.ui,3.8.4.v20130429-0100,"org.eclipse.mylyn.monitor.ui",1376932530117
started,bundle,org.eclipse.mylyn.tasks.index.core,3.8.4.v20130429-0100,"org.eclipse.mylyn.tasks.index.core",1376932530118
started,bundle,org.eclipse.mylyn.tasks.ui,3.8.4.v20130429-0100,"org.eclipse.mylyn.tasks.ui",1376932530201
os,sysinfo,,,"macosx",1376932530208
arch,sysinfo,,,"x86_64",1376932530208
ws,sysinfo,,,"cocoa",1376932530208
locale,sysinfo,,,"en_US",1376932530208
processors,sysinfo,,,"2",1376932530208
java.runtime.name,sysinfo,,,"Java(TM) SE Runtime Environment",1376932530208
java.runtime.version,sysinfo,,,"1.6.0_51-b11-457-11M4509",1376932530208
java.specification.name,sysinfo,,,"Java Platform API Specification",1376932530208
java.specification.vendor,sysinfo,,,"Sun Microsystems Inc.",1376932530208
java.specification.version,sysinfo,,,"1.6",1376932530208
java.vendor,sysinfo,,,"Apple Inc.",1376932530208
java.version,sysinfo,,,"1.6.0_51",1376932530208
java.vm.info,sysinfo,,,"mixed mode",1376932530208
java.vm.name,sysinfo,,,"Java HotSpot(TM) 64-Bit Server VM",1376932530208
java.vm.specification.name,sysinfo,,,"Java Virtual Machine Specification",1376932530208
java.vm.specification.vendor,sysinfo,,,"Sun Microsystems Inc.",1376932530208
java.vm.specification.version,sysinfo,,,"1.0",1376932530208
java.vm.vendor,sysinfo,,,"Apple Inc.",1376932530208
java.vm.version,sysinfo,,,"20.51-b01-457",1376932530208
started,bundle,org.eclipse.jsch.core,1.1.300.I20110514-0800,"org.eclipse.jsch.core",1376932530234
started,bundle,org.eclipse.team.cvs.core,3.3.400.I20110510-0800,"org.eclipse.team.cvs.core",1376932530257
started,bundle,org.eclipse.wst.web,1.1.501.v201201190400,"org.eclipse.wst.web",1376932530267
started,bundle,org.eclipse.jst.ws.jaxws.utils,1.0.100.v201201031437,"org.eclipse.jst.ws.jaxws.utils",1376932530302
started,bundle,org.eclipse.update.scheduler,3.2.300.v20100512,"org.eclipse.update.scheduler",1376932530450
started,bundle,org.eclipse.team.ui,3.6.101.R37x_v20111109-0800,"org.eclipse.team.ui",1376932530477
started,bundle,org.eclipse.update.configurator,3.3.100.v20100512,"org.eclipse.update.configurator",1376932531018
started,bundle,org.eclipse.update.core,3.2.500.v20110330,"org.eclipse.update.core",1376932531057
started,bundle,org.eclipse.team.cvs.ui,3.3.401.v20120126-1227,"org.eclipse.team.cvs.ui",1376932531281
started,bundle,com.android.ide.eclipse.base,21.0.0.v201210310015-519525,"com.android.ide.eclipse.base",1376932531286
started,bundle,org.eclipse.epp.usagedata.ui,1.3.1.R201106061540,"org.eclipse.epp.usagedata.ui",1376932531300
started,bundle,com.android.ide.eclipse.adt,21.0.0.v201210310015-519525,"com.android.ide.eclipse.adt",1376932532077
started,bundle,org.eclipse.mylyn.team.ui,3.8.4.v20130429-0100,"org.eclipse.mylyn.team.ui",1376932532313
opened,view,org.eclipse.ui.ide,3.7.0.v20110928-1505,"org.eclipse.ui.views.ProblemView",1376932532643
started,bundle,org.python.pydev.shared_ui,2.7.5.2013052819,"org.python.pydev.shared_ui",1376932532944
started,bundle,org.python.pydev.shared_core,2.7.5.2013052819,"org.python.pydev.shared_core",1376932532980
started,bundle,org.python.pydev.debug,2.7.5.2013052819,"org.python.pydev.debug",1376932533031
started,bundle,org.python.pydev.core,2.7.5.2013052819,"org.python.pydev.core",1376932533114
started,bundle,com.python.pydev.analysis,2.7.5.2013052819,"com.python.pydev.analysis",1376932533255
started,bundle,org.python.pydev,2.7.5.2013052819,"org.python.pydev",1376932533305
started,bundle,org.python.pydev.shared_interactive_console,2.7.5.2013052819,"org.python.pydev.shared_interactive_console",1376932533365
started,bundle,org.eclipse.debug.ui,3.7.102.v20111129-1423_r372,"org.eclipse.debug.ui",1376932533618
started,bundle,org.eclipse.jdt.debug,3.7.1.v20111006_r372,"org.eclipse.jdt.debug",1376932534378
started,bundle,org.eclipse.jdt.debug.ui,3.6.1.v20111006_r372,"org.eclipse.jdt.debug.ui",1376932534991
activated,workbench,org.eclipse.ui.workbench,3.7.1.v20120104-1859,"",1376932562506
activated,editor,org.eclipse.jdt.ui,3.7.2.v20120109-1427,"org.eclipse.jdt.ui.CompilationUnitEditor",1376932562525
deactivated,workbench,org.eclipse.ui.workbench,3.7.1.v20120104-1859,"",1376932569512
opened,editor,org.eclipse.ui.editors,3.7.0.v20110928-1504,"org.eclipse.ui.DefaultTextEditor",1376932629081
activated,editor,org.eclipse.ui.editors,3.7.0.v20110928-1504,"org.eclipse.ui.DefaultTextEditor",1376932629297
activated,workbench,org.eclipse.ui.workbench,3.7.1.v20120104-1859,"",1376932629355
activated,view,org.eclipse.jdt.ui,3.7.2.v20120109-1427,"org.eclipse.jdt.ui.PackageExplorer",1376932634218
started,bundle,org.eclipse.pde.core,3.7.1.v20120103_r372,"org.eclipse.pde.core",1376932637559
started,bundle,org.eclipse.compare,3.5.202.R37x_v20111109-0800,"org.eclipse.compare",1376932637678
deactivated,workbench,org.eclipse.ui.workbench,3.7.1.v20120104-1859,"",1376932640741
started,bundle,org.eclipse.emf.common,2.7.0.v20120127-1122,"org.eclipse.emf.common",1376932642397
started,bundle,org.eclipse.wst.common.frameworks,1.2.102.v201201190400,"org.eclipse.wst.common.frameworks",1376932642414
started,bundle,org.eclipse.emf.ecore,2.7.0.v20120127-1122,"org.eclipse.emf.ecore",1376932642625
started,bundle,org.eclipse.wst.common.emf,1.2.100.v201101101900,"org.eclipse.wst.common.emf",1376932642695
started,bundle,org.eclipse.jem.util,2.1.100.v201103021400,"org.eclipse.jem.util",1376932642736
started,bundle,org.eclipse.emf.ecore.xmi,2.7.0.v20120127-1122,"org.eclipse.emf.ecore.xmi",1376932642760
started,bundle,org.eclipse.wst.common.emfworkbench.integration,1.2.101.v201107140600,"org.eclipse.wst.common.emfworkbench.integration",1376932642773
started,bundle,org.eclipse.wst.common.core,1.2.0.v200908252030,"org.eclipse.wst.common.core",1376932642922
started,bundle,org.eclipse.wst.common.modulecore,1.2.103.v201201190400,"org.eclipse.wst.common.modulecore",1376932642973
started,bundle,org.eclipse.jst.j2ee.core,1.2.102.v201202090300,"org.eclipse.jst.j2ee.core",1376932643022
started,bundle,org.eclipse.jem,2.0.501.v201111030500,"org.eclipse.jem",1376932643095
started,bundle,org.eclipse.wst.common.frameworks.ui,1.2.100.v201105122000,"org.eclipse.wst.common.frameworks.ui",1376932643216
started,bundle,org.eclipse.wst.xml.core,1.1.602.v201201091944,"org.eclipse.wst.xml.core",1376932643238
started,bundle,org.eclipse.wst.validation,1.2.303.v201202090300,"org.eclipse.wst.validation",1376932643279
started,bundle,org.eclipse.jst.j2ee,1.1.503.v201202090300,"org.eclipse.jst.j2ee",1376932643361
started,bundle,org.eclipse.jst.common.project.facet.core,1.4.200.v201103170302,"org.eclipse.jst.common.project.facet.core",1376932643936
started,bundle,org.eclipse.jst.ws.jaxrs.core,1.0.301.v201108240656,"org.eclipse.jst.ws.jaxrs.core",1376932643956
started,bundle,org.eclipse.wst.jsdt.manipulation,1.0.300.v201104272153,"org.eclipse.wst.jsdt.manipulation",1376932644077
started,bundle,org.eclipse.wst.jsdt.core,1.1.102.v201111090634,"org.eclipse.wst.jsdt.core",1376932644557
started,bundle,org.eclipse.wst.jsdt.ui,1.1.102.v201201131900,"org.eclipse.wst.jsdt.ui",1376932644840
activated,workbench,org.eclipse.ui.workbench,3.7.1.v20120104-1859,"",1376932645492
executed,command,org.eclipse.ui,3.7.0.v20110928-1505,"org.eclipse.ui.edit.delete",1376932645593
closed,editor,org.eclipse.ui.editors,3.7.0.v20110928-1504,"org.eclipse.ui.DefaultTextEditor",1376932645734
deactivated,workbench,org.eclipse.ui.workbench,3.7.1.v20120104-1859,"",1376932794988
opened,editor,org.eclipse.jdt.ui,3.7.2.v20120109-1427,"org.eclipse.jdt.ui.CompilationUnitEditor",1376932811561
activated,editor,org.eclipse.jdt.ui,3.7.2.v20120109-1427,"org.eclipse.jdt.ui.CompilationUnitEditor",1376932811743
activated,workbench,org.eclipse.ui.workbench,3.7.1.v20120104-1859,"",1376932811816
activated,view,org.eclipse.jdt.ui,3.7.2.v20120109-1427,"org.eclipse.jdt.ui.PackageExplorer",1376932814399
activated,editor,org.eclipse.jdt.ui,3.7.2.v20120109-1427,"org.eclipse.jdt.ui.CompilationUnitEditor",1376932816247
activated,view,org.eclipse.jdt.ui,3.7.2.v20120109-1427,"org.eclipse.jdt.ui.PackageExplorer",1376932817655
activated,editor,org.eclipse.jdt.ui,3.7.2.v20120109-1427,"org.eclipse.jdt.ui.CompilationUnitEditor",1376932818945
started,bundle,org.eclipse.jdt.junit,3.7.0.v20110928-1453,"org.eclipse.jdt.junit",1376932920572
started,bundle,org.eclipse.equinox.p2.garbagecollector,1.0.200.v20110815-1419,"org.eclipse.equinox.p2.garbagecollector",1376932928833
deactivated,workbench,org.eclipse.ui.workbench,3.7.1.v20120104-1859,"",1376932943936
activated,workbench,org.eclipse.ui.workbench,3.7.1.v20120104-1859,"",1376932953935
deactivated,workbench,org.eclipse.ui.workbench,3.7.1.v20120104-1859,"",1376932960114
activated,workbench,org.eclipse.ui.workbench,3.7.1.v20120104-1859,"",1376932976921
deactivated,workbench,org.eclipse.ui.workbench,3.7.1.v20120104-1859,"",1376933016660
activated,workbench,org.eclipse.ui.workbench,3.7.1.v20120104-1859,"",1376933016889
deactivated,workbench,org.eclipse.ui.workbench,3.7.1.v20120104-1859,"",1376933033600
activated,workbench,org.eclipse.ui.workbench,3.7.1.v20120104-1859,"",1376933033843
deactivated,workbench,org.eclipse.ui.workbench,3.7.1.v20120104-1859,"",1376933056873
activated,view,org.eclipse.ui.views,3.6.0.v20110928-1505,"org.eclipse.ui.views.ContentOutline",1376933073113
activated,workbench,org.eclipse.ui.workbench,3.7.1.v20120104-1859,"",1376933073194
activated,editor,org.eclipse.jdt.ui,3.7.2.v20120109-1427,"org.eclipse.jdt.ui.CompilationUnitEditor",1376933074711
deactivated,workbench,org.eclipse.ui.workbench,3.7.1.v20120104-1859,"",1376933094119
activated,workbench,org.eclipse.ui.workbench,3.7.1.v20120104-1859,"",1376933133671
executed,command,org.eclipse.ui,3.7.0.v20110928-1505,"org.eclipse.ui.edit.cut",1376933220581
executed,command,org.eclipse.ui,3.7.0.v20110928-1505,"org.eclipse.ui.edit.paste",1376933226290
started,bundle,org.eclipse.jpt.jaxb.ui,1.1.2.v201201260000,"org.eclipse.jpt.jaxb.ui",1376933279497
started,bundle,org.eclipse.jpt.jpa.ui,3.0.2.v201201243020,"org.eclipse.jpt.jpa.ui",1376933279592
started,bundle,org.eclipse.jpt.common.core,1.0.2.v201111103010,"org.eclipse.jpt.common.core",1376933279644
started,bundle,org.eclipse.jpt.jpa.core,3.0.2.v201201243020,"org.eclipse.jpt.jpa.core",1376933279676
started,bundle,org.eclipse.jst.ws.jaxws.ui,1.0.100.v201104032053,"org.eclipse.jst.ws.jaxws.ui",1376933279741
started,bundle,org.eclipse.pde.api.tools,1.0.301.v20111129-2053,"org.eclipse.pde.api.tools",1376933279819
started,bundle,org.eclipse.pde.api.tools.ui,1.0.301.v20110803_r371,"org.eclipse.pde.api.tools.ui",1376933279821
started,bundle,org.eclipse.mylyn.java.ui,3.8.4.v20130429-0100,"org.eclipse.mylyn.java.ui",1376933279890
started,bundle,org.eclipse.jpt.jaxb.core,1.0.2.v201111103010,"org.eclipse.jpt.jaxb.core",1376933280393
executed,command,org.eclipse.ui,3.7.0.v20110928-1505,"org.eclipse.ui.edit.cut",1376933312230
executed,command,org.eclipse.ui,3.7.0.v20110928-1505,"org.eclipse.ui.edit.paste",1376933314375
deactivated,workbench,org.eclipse.ui.workbench,3.7.1.v20120104-1859,"",1376933623829
activated,workbench,org.eclipse.ui.workbench,3.7.1.v20120104-1859,"",1376933659229
deactivated,workbench,org.eclipse.ui.workbench,3.7.1.v20120104-1859,"",1376933692808
activated,workbench,org.eclipse.ui.workbench,3.7.1.v20120104-1859,"",1376933728080
activated,view,org.eclipse.jdt.ui,3.7.2.v20120109-1427,"org.eclipse.jdt.ui.PackageExplorer",1376933991568
started,bundle,org.eclipse.mylyn.context.ui,3.8.4.v20130429-0100,"org.eclipse.mylyn.context.ui",1376933991714
deactivated,workbench,org.eclipse.ui.workbench,3.7.1.v20120104-1859,"",1376934003802
activated,workbench,org.eclipse.ui.workbench,3.7.1.v20120104-1859,"",1376934005477
activated,editor,org.eclipse.jdt.ui,3.7.2.v20120109-1427,"org.eclipse.jdt.ui.CompilationUnitEditor",1376934006641
started,bundle,org.eclipse.wst.server.core,1.1.304.v20120208_1420,"org.eclipse.wst.server.core",1376934008393
